dd0 Cell Density,dd0-dd1 Cell Density Gradient,dd1 Cell Density,dd1-dd2 Cell Density Gradient,dd2 Cell Density,dd2-dd3 Cell Density Gradient,dd3 Cell Density ,dd3-dd5 Cell Density Gradient,dd5 Cell Density,dd5-dd7 Cell Density Gradient,dd7 Cell Density,dd0 Aggregate Size,dd0-dd1 Aggregate Size Gradient,dd1 Aggregate Size ,dd1-dd2 Aggregate Size Gradient,dd2 Aggregate Size ,dd2-dd3 Aggregate Size Gradient,dd3 Aggregate Size ,dd3-dd5 Aggregate Size Gradient,dd5 Aggregate Size ,dd7 Aggregate Size ,dd5-dd7 Aggregate Size Gradient,Preculture Time [h],Start Preculture Perfusion [h after inoc] d1-d2,Presence of  IWP2 [h],Average DO concentration d0,Average DO concentration d1,Average DO concentration dd0,Average DO concentration dd1,Average DO concentration dd2,Average DO concentration dd3,Average DO concentration dd4,Average DO concentration dd5,Average DO concentration dd6,Average DO concentration dd7,Average DO concentration gradient d0,Average DO concentration gradient d1,Average DO concentration gradient dd0,Average DO concentration gradient dd1,Average DO concentration gradient dd2,Average DO concentration gradient dd3,Average DO concentration gradient dd4,Average DO concentration gradient dd5,Average DO concentration gradient dd6,Average DO concentration gradient dd7,dd0 Average of 2nd derivative DO,dd1 Average of 2nd derivative DO,dd2 Average of 2nd derivative DO,dd3 Average of 2nd derivative DO,dd5 Average of 2nd derivative DO,dd7 Average of 2nd derivative DO,Overall Average pH,Overall density gradient,Overall aggregate size gradient,d0 Average pH,d0 Average pH Gradient,d1 Average pH,d1 Average pH Gradient,dd0 Average pH,dd0 Average pH Gradient,dd1 Average pH,dd1 Average pH Gradient,dd2 Average pH,dd2 Average pH Gradient,dd3 Average pH,dd3 Average pH Gradient,dd4 Average pH,dd4 Average pH Gradient,dd5 Average pH,dd5 Average pH Gradient,dd6 Average pH,dd6 Average pH Gradient,dd7 Average pH,dd7 Average pH Gradient,dd0 Lactate Concentration,dd1 Lactate Concentration,dd3 Lactate Concentration,dd5 Lactate Concentration,dd7 Lactate Concentration,dd0 Glucose Concentration,dd1 Glucose Concentration,dd3 Glucose Concentration,dd5 Glucose Concentration,dd7 Glucose Concentration,dd10 CM Content
0.725,0.2137931034482759,0.88,0.1900696066346477,1.04726125383849,-0.0403540698976415,1.005,0.8109452736318411,1.82,-0.1443940056987195,1.5572029096283304,121.616004,0.1112180926451095,135.141904,0.1544327714146455,156.012242768972,-0.2137800032678279,122.659945,-0.0561616752722332,115.771157,118.194219,0.0209297554139499,53.0,26.75,44.5,108.2344,87.827,83.00788888888889,83.90069999999999,77.28407692307692,70.14980952380951,65.55902380952381,74.68975590551182,65.14186772486772,30.41537179487179,139.1262063097353,-7.230151138853085,1.722996015936288,1.334571377282952,-1.160427896518004,-1.380013217373655,2.326476924602223,-3.841011947736678,-9.527716450150626,-1.330997378059737,53.56333091267645,-65.5832194192615,-88.23497912312149,-43.32892897771508,39.60602043654168,-384.1950768431669,6.74503255255937,1.147866082245973,-0.0281359762486522,7.067529411764705,-0.0625120007552873,6.81908,-0.0038237343378379,6.583861111111111,-0.0220066622095465,6.526025,-0.072583083469222,6.611545454545455,-0.1200805863560895,6.92315625,-0.0208057121311834,6.647576923076924,-0.0053716498747466,6.555818181818182,0.0201829077993836,6.675911764705881,-0.1052954077250588,7.03982142857143,-0.0100116757311118,13.675,14.025,2.09,17.78,5.935,9.18,3.895,9.875,0.635,7.555,75.7
0.65,0.3846153846153846,0.9,0.1900696066346477,1.071062645971183,0.2464256922987848,1.335,0.7490636704119851,2.335,-0.1443940056987196,1.9978399966934897,114.421927,0.2734930954274174,145.715534,0.0573934736711049,154.0786546641,-0.2545875984549317,114.85214,0.390156630951761,159.662464,125.49478,-0.2139994782994204,53.0,26.75,44.5,88.25599999999999,74.95353333333333,74.50263636363636,78.39414285714285,74.20158333333333,68.37663157894737,64.08972,75.16146575342465,65.05072727272727,31.58469696969697,-42.06791722358365,-3.352800269127588,1.342433448584173,0.3270863190548202,-1.047309234123756,-0.4980446608223843,-0.5222834884459376,-8.77092545406057,-12.2465633362794,-1.712621884722239,-4.180727609870312,2.388758938279703,26.88962824301063,2.473982606600827,-0.986518903565596,-0.2177873912704658,6.908314343040827,2.073599994913061,0.0967721248043655,7.259799999999999,-0.0285310907876495,6.85096,-0.0036261169866716,7.145157894736841,-0.118095152756604,6.991,-0.0124210592889702,6.833088235294118,-0.0865548603639896,6.843135135135134,-0.030596478436062,6.602639999999999,0.003752287003929,6.746703703703705,0.0050694202586439,6.862538461538462,0.0042534694390103,6.94812,0.0027974071435389,14.115,13.35,2.165,17.105,12.51,9.52,4.47,10.145,1.01,2.91,75.0
0.88,0.0227272727272727,0.9,0.1900696066346477,1.071062645971183,-0.0383382299117989,1.03,0.611650485436893,1.66,-0.1443940056987195,1.4203059505401254,118.950489,0.570669894429774,186.831952,-0.1928387335056533,150.803514997931,0.0536550756272493,158.894889,0.2568042890290826,199.699778,159.815115,-0.1997231213747269,53.0,26.75,44.5,90.72258490566036,82.02435135135134,84.46712234042553,87.60477042801556,83.462303514377,79.84003603603604,74.38491329479768,70.06445815899582,61.281013671875,33.78931166666666,-98.56046153846148,1.613414414414667,2.758746010637862,-3.117929551042995,2.062029550476074,2.836885138888043,-3.832449159523294,-9.328510912938356,-2.89010841390682,-3.231224391465593,-21.34736322039869,-130.1593896210404,-219.2698443806075,-164.5453713955764,-237.2511850126072,241.17846746892,6.831166197158192,0.613984034704688,0.3435431526473169,7.124666666666668,-0.0210715170165869,6.860076923076923,-0.0051933146772587,7.294534883720929,-0.2222228419727973,6.616605263157896,0.0089703407344688,6.73671875,-0.1184290099631693,6.92569696969697,-0.0214618975793996,6.62173076923077,-0.0035511734996173,6.615722222222222,-0.0975745002295676,6.539342857142858,-0.0605423277044157,6.976566666666668,-0.013500282908581,14.44,13.67,1.775,19.05,7.21,9.0275,4.415,10.27,0.0,6.745,55.6
0.785,0.3630573248407643,1.07,0.1900696066346479,1.2733744790990733,-0.4620592675261992,0.685,0.5109489051094889,1.035,-0.1443940056987196,0.8855522041018251,125.587593,-0.0313541720637961,121.649898,0.2521967622904707,152.329608408566,-0.0193061115254638,149.388716,-0.0438081749092748,142.844269,213.765558,0.4964937655286681,53.0,26.75,44.5,116.8642826086956,78.80851999999999,74.64130000000002,77.92091666666667,73.53033333333333,65.58492,58.18748484848484,68.17734444444444,64.53052777777778,52.82807317073171,120.3627177432132,-6.314443453971191,0.8663803545660167,0.4468007206191242,-1.076933290304893,-0.8150761717841725,-0.1155378240165944,-13.03009544750804,-9.470769714171816,-0.3199156209762942,60.34482218167248,151.3772332043771,-97.10421396475068,6.138381811965375,-7.501429232882196,-6.322409345512515,6.884728941883243,0.1280919797475478,0.7021232184934064,7.114656249999999,-0.0156217323267476,6.794346153846154,-0.004452929053841,6.827923076923077,-0.0701745992783928,6.953078947368422,-0.1246169925670731,7.11471875,-0.114203335687188,6.973193548387097,-0.0149156673239681,6.744807692307693,-0.0030631548004824,6.746750000000001,0.0011250115772899,6.777439999999999,0.0011621151836729,6.800375,0.0009165740804969,13.995,11.955,0.995,16.43,14.295,8.995,5.155,10.255,2.27,2.135,57.7
0.41,0.9756097560975612,0.81,0.1900696066346478,0.9639563813740648,1.778134002477025,2.678,-0.0029873039581777,2.67,-0.3764044943820224,1.665,91.8841821,0.6036489266415314,147.34997,-0.0160084626910885,144.991123502722,0.2208304153300593,177.009573525,0.640537199300051,290.39079,219.99551,-0.2424156771638659,56.0,28.5,43.12,114.9939183673469,87.6846463414634,82.24885964912279,82.26026829268294,76.34938235294118,66.01037837837838,78.048109375,85.03608849557521,72.8952258064516,60.83181506849315,128.1037575473991,-9.176986922906393,0.2904041803948146,2.417361315287126,-1.774980952020652,-1.015254536982939,1.670943954288298,1.757993561977656,-12.19719338069103,1.563706247817621,112.5087102368433,-121.9438186781129,74.25138090954384,-212.0967958367778,36.69398078828253,-81.89077040269086,6.785728217807353,3.060975609756098,1.3942696661387597,7.06065625,-0.0179370773213772,6.846551724137932,0.0111791439057297,7.054666666666667,-0.1447304483000058,6.909200000000001,-0.1550545173698598,6.618,-0.0095248103483288,6.555046511627907,-0.1421530428412717,6.599625000000001,0.0007707826751497,6.682807692307692,0.0055490790976089,6.75952,0.000657164653367,6.771208333333333,0.0005416666666666,13.0575,11.3,15.1,16.425,14.455,9.5475,1.7,0.0175,1.61,1.065,63.0
0.295,0.0847457627118644,0.32,0.1900696066346479,0.3808222741230873,1.3843143158861584,0.908,-0.251101321585903,0.68,0.014705882352941,0.69,85.0092262,0.3198216830727956,112.19702,0.1957068666108067,134.15474722727,0.3194432339030846,177.009573525,3.2638933305683757,754.74994,338.91061,-0.550963051418063,56.0,28.5,43.12,89.32396428571428,76.87827586206897,69.905375,70.99163636363636,64.12126666666666,65.29436585365853,71.06177272727273,74.11306097560976,72.09037974683545,62.90180487804879,210.9141613479984,-5.69882286063398,-0.078973017878802,-0.2039295239548116,-1.239214661909451,0.9750951494824792,-0.5498673803921481,-11.87334878370021,-8.510432165055954,-0.6390231669891129,45.9968058346623,-9.739119306493244,3.842239771232685,-48.03451697184207,0.4907422768572192,-0.3045093024402369,6.910049311002179,1.3389830508474576,2.9867509110440533,7.039617647058824,-0.0450336576372128,6.840703703703703,0.0025861177089738,6.906722222222223,0.0791533606532957,7.132861111111112,-0.0691036646086162,6.911933333333334,-0.0122042959414889,7.0576875,-0.0842198866346966,6.816925925925926,-0.0050856607613212,6.784416666666668,0.0008750347704502,6.805,0.0004583565007733,6.804625000000001,4.164352494679353e-05,11.585,10.1,12.1,12.13,12.835,10.795,0.6,3.605,3.765,3.095,19.2
1.185,-0.3924050632911393,0.72,0.1900696066346479,0.8568501167769464,1.8738981903424692,2.4625,-0.1451776649746192,2.105,-0.4204275534441805,1.22,148.90783,0.3371951629407266,199.11883,-0.1455112823335341,170.144793709947,0.0439104464163508,177.6159275571687,0.5208852253019537,270.13344,235.10028,-0.1296883495801186,56.0,28.5,43.12,139.8874375,87.32982142857144,80.85766666666667,82.761,73.43145945945946,58.07628571428572,38.93703703703704,64.52240298507462,54.27322222222224,28.94834920634921,-355.0014893617022,-7.505651569110458,-0.714055162059742,-0.1465760067235427,-1.609695607646339,-4.231913413828318,-1.290746153217136,-4.454354347875814,-9.439120453033894,-1.575222378982988,-6.466749264020056,-6.136306111887927,10.4125791468515,-5.891795319469506,-10.5351638798071,-14.78519396131173,6.686832548354879,0.0295358649789028,0.578830878134481,7.109470588235293,-0.0166947972880148,6.825576923076923,-0.0043558782665779,7.185571428571428,-0.1430109040025184,5.15396,0.261880144766993,6.695111111111111,-0.0066640304901173,6.500953488372093,-0.0221750813438201,6.653038461538463,0.0017247020713839,6.79172972972973,-0.1382544394167845,6.724307692307691,-0.0050601945224588,7.228606060606061,-0.1642298097741831,15.045,11.3,14.7,15.776212121212122,16.575,8.715,1.8,1.2125,2.125769230769232,0.96,63.8
1.185,-0.7552742616033755,0.29,0.1900696066346477,0.3451201859240478,4.128648141113172,1.77,-0.4011299435028248,1.06,-0.0235849056603774,1.035,138.17223,0.2915683563911502,178.45888,-0.0533735093267311,168.933903303882,0.2970812590877058,219.121,0.7367578643763033,380.56012,439.51547,0.1549173097801209,56.0,28.5,43.12,127.6041296296296,88.32876470588236,78.56320000000001,76.88691666666666,66.44035897435896,49.16402272727273,28.43286206896552,63.67643333333334,68.89831914893618,54.04721311475409,121.7964136209435,-8.065720607761897,-0.4696235712010222,-0.9542858743350036,-2.083300722149002,-2.286150235308679,-1.924751340025006,-11.98947006577929,-8.553277707714711,-1.623922609205383,-383.7745395160311,-73.36479698135689,5.627475076976963,-167.8342148522636,-314.3165576827643,207.0396364808031,6.88387319351178,-0.1265822784810127,2.1809247777212537,7.150727272727273,-0.0579008020755639,6.780269230769231,-0.0035316116376152,7.014428571428572,-0.0052553003500445,6.478470588235293,-0.0169058575117875,6.831900000000001,-0.0136867679873432,7.363972972972974,-0.1722014130811796,6.673629629629629,-0.0050736564805754,6.861656249999999,-0.0754713789983091,6.79,-0.0067105432204331,6.893677419354837,-0.1130814139422172,12.3775,11.5,13.375,18.93,14.225,7.135,0.7,0.4875,0.0,1.765,29.8
0.66,-0.0378787878787879,0.635,0.7637795275590553,1.12,1.0267857142857142,2.27,-0.1762114537444933,1.87,-0.1443940056987195,1.5999832093433946,112.987955169067,0.2817413660004716,144.821336,-0.0006306266773564,144.730007802068,0.3424672460856717,194.295295,0.0519939661946008,204.397478,218.894079,0.0709235805737289,50.0,27.5,43.0,93.84750000000004,70.8803043478261,63.85357142857143,57.80821428571428,71.23990909090911,59.20496202531645,60.18664102564102,60.0262,63.95554482758621,60.07153571428572,-39.0967441860465,-7.211805806512325,-1.312434507597661,3.151087856587862,-80.06872483967783,0.9450936131379012,3.472525562251453,0.022733333333333,-4.76651383802184,-0.0134824660633422,1.201598369908258,3.494611968254706,-7.709259716218253,0.0624805226824552,25.47785554293302,2.29105656473457,7.042365887814725,1.424216983853628,0.9373222453000652,7.092384615384617,-0.1802214259212878,7.078714285714286,0.0002150858679417,6.903815789473684,-0.2254156422759425,6.985466666666666,-0.0127231028788671,7.028935483870968,-0.1364306336093064,7.156555555555555,-0.0082618634758109,6.982875,-0.1823206088553789,7.199194444444444,-0.0352007588006193,7.027037037037037,-0.0013240934855193,6.968679999999999,-0.0001745454545465,12.755,13.818782051282048,14.366666666666667,16.175,13.370256410256408,9.22,3.647831196581196,1.910347222222222,2.13,2.671346153846154,60.4
1.21,-0.3057851239669421,0.84,0.5000000000000001,1.26,1.1984126984126984,2.77,-0.3935018050541516,1.68,-0.1443940056987195,1.4374180704261512,122.439462,0.2500843151368959,153.059651,0.0112085184286941,154.775222918923,0.0282957891998717,159.15471,0.1578447348495059,184.276443,132.878243,-0.2789189934602764,50.0,27.5,43.0,95.14505405405406,75.22373333333333,67.58657142857143,66.64166666666668,57.72238709677419,44.45379487179487,29.44962790697674,77.59926293103449,80.32447507331379,80.01607628865979,-25.12611111111111,-6.678775939849627,-0.1648097238895643,-0.7959978015088379,-1.392286013226095,-1.233716148490317,-1.347309841137449,0.1833599536651133,-2.382889740821194,-5.007596211005231,-12.5863523302968,159.6498890286333,-153.6519492135065,-59.90762990025469,40.57627122402425,39.1493694316894,7.122427449765562,0.1879488185340093,0.085256671578645,7.03834375,-0.0165477524268266,6.806807692307691,-0.0036797523275784,7.656555555555554,-0.0401338067726248,7.86808888888889,-0.2646944980044055,6.86814705882353,-0.1764695624176078,6.944548387096774,-0.0172906025889676,6.642242424242425,-0.0905309381980663,7.18611111111111,-0.0073943744860295,7.026629629629631,-0.0066282094579967,7.1868,-0.1053578836870242,15.83,13.818782051282048,14.366666666666667,17.275,13.370256410256408,9.4225,3.647831196581196,1.910347222222222,0.56,2.671346153846154,11.7
1.16,-0.3060344827586206,0.805,0.6894409937888198,1.36,1.0808823529411764,2.83,-0.1519434628975265,2.4,-0.1443940056987195,2.053454386323073,119.813863,0.337764328657027,160.282712,-0.0418234013533787,153.579143806016,0.2086875626450037,185.629201,-0.0076573189581309,184.207779,144.607638,-0.2149754001431176,50.0,27.5,43.0,117.7143529411764,78.23141176470588,69.27266666666668,68.5464,58.70666666666667,44.38623076923076,29.61776315789474,69.62732894736843,60.57440350877193,32.44449315068493,-339.4256567993351,-8.340886007545933,-0.2933272869221306,-0.8494252515491102,-2.0048521955883,-1.586730519617237,-1.250096668396934,-12.73333441778633,-13.58562942234087,-0.9872682790348564,29.8858978197084,106.2730935910911,200.8387556220708,2.709815404037809,-0.1172972125921778,85.12366840308412,6.740622859856994,0.7702192985543734,0.206935778374828,7.115794117647058,-0.0183792688821359,6.791346153846154,-0.0038228236201089,6.442975609756097,-0.0071740816241777,6.602307692307691,-0.0312953580240096,6.268709677419355,-0.0093187670604488,6.845323529411765,-0.0224371995091143,6.686916666666666,-0.0992769592803481,7.0345,-0.0091888234535491,6.880839999999999,-0.0049487160921628,6.737515151515153,-0.086663448129962,15.265,12.02,14.366666666666667,17.99,13.370256410256408,9.055,4.645,1.910347222222222,0.0,2.671346153846154,17.5
1.09,-0.2339449541284404,0.835,0.6946107784431139,1.415,0.6537102473498232,2.34,-0.0384615384615384,2.25,-0.4711111111111111,1.19,108.028983,0.120069787197756,121.0,0.1949847933884298,144.59316,0.1063321736657528,159.968065,0.0137093362978417,162.161121,169.60964,0.0459328287450603,47.5,25.0,46.5,94.54660784313728,69.90547272727274,65.55710666666667,65.21469523809525,56.52382962962962,43.25507878787879,41.46537499999999,61.63218666666667,49.46284536082475,34.21241438356165,-53.61299999999997,-6.493421350433816,0.3806896265560153,-0.6724350918790776,-1.23830152143845,-1.469155790267823,-5.066950475683243,-1.30363070539422,-7.419654309620519,0.7440362644233484,-272.2011054036274,1.414117346160835,-367.972436245752,1.270039949756336,5.404864588515999,0.0180536916098913,6.936219184621185,0.0917431192660549,0.570038292408992,7.114458333333333,-0.01783567771241,6.806726519337017,-0.0060483482726205,6.98591086350975,-0.0098696240132225,6.981866666666666,-0.0192461964038728,6.699140883977901,-0.0149668215078597,6.930894444444445,-0.017077973720609,6.756596100278552,-0.0079920017568376,7.027241666666666,-0.009040456431535,6.91906388888889,-0.0154996542185214,7.140292479108634,-0.0048864989193121,15.03,11.255,16.15,14.685,12.265,8.99,5.675,1.175,2.06,2.87,67.2
1.03,-0.4223300970873787,0.595,1.2100840336134453,1.315,0.7110266159695818,2.25,-0.1111111111111111,2.0,-0.2975,1.405,140.861525,0.1773437281755965,165.842433,0.0706211660558549,177.554419,0.2158313333784162,215.876226,-0.0015832544710134,215.534439,237.94028,0.103954806962427,47.5,25.0,46.5,93.407,75.38796363636364,70.10245333333333,73.81378095238095,66.4344,52.81001807228915,48.03271495327103,66.51512,57.98688501742161,36.13142456140351,109.9220833333333,-6.694498786030919,0.4596746887966804,0.0173698873740399,-1.326855232826186,-1.407886442033681,-4.093864462345242,-0.4282987551867197,-6.891264545392642,-0.3707305088447276,-7.573381772701604,-9.348678206402608,231.5709297468901,-9.622770486306562,-0.0359490517558592,0.036811242057483,6.828305371438193,0.3640776699029126,0.689178645481795,7.007158774373259,-0.0195604325552284,6.749096952908587,-0.0277136469695754,6.968898876404494,-0.0195031819665248,6.910225000000001,-0.0208686030428769,6.607519444444444,-0.0211652835408023,6.831016666666667,-0.0178278008298758,6.633373259052926,-0.0057635895005727,6.878924999999999,-0.0111222337482708,6.728511049723759,0.0018375323811882,6.9683286908078,-0.0072701949860726,15.375,9.05,16.2,14.075,13.075,8.8325,6.2,1.755,1.9025,2.905,78.7
0.92,-0.0434782608695652,0.88,0.6875000000000001,1.485,0.4276094276094276,2.12,0.2688679245283017,2.69,-0.3903345724907063,1.64,135.006682,0.2202724899201655,164.74494,0.0428319922906281,171.801294,0.1098706450953738,190.677213,0.0695845968757683,203.94541,209.92342,0.029311814372287,47.5,25.0,46.5,94.90428,76.54830379746835,71.39626785714286,75.56884276729559,69.37321686746986,57.51148958333334,52.13201809954751,62.10383842794759,49.21367682926829,21.90410377358491,108.0182653061224,-10.75960964539491,0.5442768227624536,-0.0310921965200314,-1.789017266262235,-1.771972008352434,-9.264902003072429,-1.860772299516724,-9.193234870267204,-0.4648580338734632,-302.3456352955187,-76.10493264583467,-275.6008187629888,-54.6506582051084,0.6180462476522023,0.1379682576918013,6.834254026617147,0.7826086956521737,0.5549113339441968,7.009580555555556,-0.019925507691952,6.794005555555555,-0.0110411479944674,6.947690807799443,-0.0195492897513847,6.897330555555555,-0.0238680843706779,6.544486111111111,-0.0109980982019363,6.850480555555555,-0.0181189488243428,6.657805013927577,-0.00956581791283,6.893555555555554,-0.0124140733056707,6.730241666666666,-0.0076232710926695,7.017363888888889,-0.0073316044260026,15.1275,12.2225,16.205,17.475,14.4,9.195,4.99375,1.275,0.555,1.535,81.8
0.89,0.0056179775280898,0.895,0.4134078212290501,1.265,0.7549407114624509,2.22,0.1216216216216216,2.49,-0.3634538152610442,1.585,127.46340270270264,0.1131910414391552,141.891118,0.1038818229623082,156.631026,0.0580555285387711,165.724323,0.1323552487826424,187.658807,187.59595,-0.0003349536374277,47.5,25.0,46.5,114.3677924528302,90.39561643835616,74.44434666666666,76.70371428571428,68.94917037037037,57.20951515151515,53.03221078431373,66.92704659498209,56.31235313531353,39.58513840830449,0.7753846153849847,69.65091772248805,0.0677618257261406,-0.0927818612922396,-1.30403088981097,-1.083306676725763,-3.215741731028557,-2.205754767858211,-6.220281841307786,0.0775369352036756,-335.1447535523502,8.567212353237387,-56.04783047868657,5.06728498857394,1.737127328765771,0.0449334765241916,6.847582424997709,0.7808988764044943,0.4717632357387422,7.011533519553073,-0.0214658809581925,6.74918611111111,-0.0075790110650065,6.884802777777777,-0.0209541839557397,6.910025000000001,-0.0259099239280774,6.616598885793872,-0.0113617818051525,6.861672222222223,-0.0162887275242044,6.687155988857938,-0.0050262948022977,6.908152777777778,-0.0097890733056705,6.809908077994428,-0.0075898357586175,7.036788888888889,-0.005207468879668,15.245,11.05,14.05,14.325,12.6,9.0475,6.1,1.54,1.325,1.615,87.4
0.85,0.4117647058823529,1.2,0.3791666666666667,1.655,0.2447129909365559,2.06,-0.2354368932038835,1.575,0.1174603174603175,1.76,101.1880667752442,0.3022435626141105,131.7715085714285,0.0100119326436967,133.09079603960396,0.0916428875539148,145.2876208955224,0.3307312365508937,193.338775409836,172.70610990712075,-0.1067176796738186,46.0,25.0,48.0,91.16841176470588,78.3261111111111,71.5049090909091,70.45526666666666,66.23787179487178,67.08010344827586,69.87471578947368,58.98165714285715,52.37674074074074,17.26544736842105,162.3966666666666,-8.405643634143653,-5.797063393828196,-7.135544920646206,1.08170723966292,-0.5788854363201911,-12.86999280852763,-2.56116249354979,-12.2766204893399,0.63119930010181,-100.6084725315455,-114.7083874630203,-156.234659783515,-35.60178864616125,1810.39702785946,4.267483620456072,7.233605195099511,1.0705882352941176,0.7067833728924797,6.957142857142858,-0.0267378106877922,7.863783783783783,-0.207034427496181,7.725285714285713,-0.2060597974189474,6.93015625,-0.0171079566395458,6.086666666666668,0.0005729781270102,7.112074074074074,-0.0083611163852392,7.243785714285715,-0.0571868318755655,8.247941176470588,-0.2902455338779439,7.118535714285715,-0.0630863945578597,7.05068,-0.0040881447963801,15.47,13.818782051282048,15.83,15.776212121212122,12.88,9.11,3.647831196581196,0.0,2.125769230769232,1.36,97.4
0.54,-0.037037037037037,0.52,3.567307692307692,2.375,-0.1578947368421052,2.0,-0.425,1.15,-0.5217391304347825,0.55,83.00537420494697,0.6070606332236625,133.39466923076915,0.1513139519865538,153.579143806016,-0.1038001150918993,137.63761100323617,-0.0620554240664922,129.09645068493143,106.2882451127819,-0.1766756982948703,45.0,25.5,48.0,82.651,83.1285,80.70272727272727,74.8087619047619,80.24955000000001,61.32888095238096,44.43337209302326,43.99624324324324,70.53503846153846,45.71030158730159,0.7835470805682406,-0.0434846310020639,-0.8362202941586805,-1.433052054276831,12.88012098860789,-2.004641589184624,-1.617429573936916,1.175399321216801,-11.57295881137496,7.25272880260143,-18.61818769565417,57.01620419414744,-15.98052543480786,-0.4627752010140097,-16.68802288964406,-0.0140654257911156,7.175829048895733,0.0185185185185185,0.2804983548456468,7.168529411764706,-0.0162464688421354,7.043970588235292,-0.0229639603009404,6.848333333333333,-0.0404870369050691,7.170032258064515,0.0169644775080231,7.30555172413793,-0.0789976222969084,7.302961538461537,-0.0081990398497471,7.157555555555557,-0.0078636363380946,7.374548387096774,-0.0778851508043793,7.246115384615385,-0.0047996669840771,7.140692307692309,-0.0031242359190416,13.535,13.75,18.3,12.25,13.075,10.1775,4.015,0.1025,2.4725,4.4225,14.5
0.5,0.3919999999999999,0.696,2.4482758620689657,2.4,0.25,3.0,-0.4933333333333333,1.52,-0.3815789473684211,0.94,71.4858797,0.5828553901113984,113.15181,0.3756778210107966,155.66043542422767,-0.0385946623430568,149.6527734788564,-0.2021667809793778,119.397954,120.954296,0.0130349134793381,45.0,25.5,54.0,86.77266666666668,85.97583333333334,83.18036363636362,77.20554545454547,81.92998837209304,62.07762068965517,41.06874999999999,38.58314285714285,73.42994444444444,63.5997962962963,-2.000521212121208,-0.3079802487728766,-0.659208689020897,-1.109578558265363,14.37430593892994,-2.904575591795497,-1.354097933314498,0.652785069838831,-27.84078592205648,5.27931376439606,10.07629889625556,-2.430028234289428,-12.682381929589,-0.1786692947413882,-53.94514191788163,-0.0025254670932284,7.051758861093236,0.8799999999999999,0.6920026235614752,6.861054054054054,-0.0699906234930593,7.052771428571428,-0.0261924459389377,6.754925925925925,0.0001288182712556,7.104897435897435,-0.140008528000297,6.9598,-0.1397006566624875,7.294269230769231,-0.00638122169864,7.136214285714287,-0.0066592831046061,7.03115625,-0.0647803922013286,7.215692307692308,-0.0049156953996596,7.106807692307693,-0.0040480769098718,13.235,14.5,17.55,13.55,14.5,10.47,3.4625,0.09,2.5775,4.26,5.36
0.45,0.4844444444444445,0.668,2.41317365269461,2.28,0.3157894736842106,3.0,-0.41,1.77,-0.5141242937853108,0.86,71.7095987,0.6462021561975356,118.048496,0.224862365040212,144.59316,0.1063321736657528,159.968065,-0.1865213722501424,130.130602,150.50537,0.1565716878801497,45.0,25.5,54.0,74.83959999999999,74.29962499999999,71.73133333333332,64.33934615384615,67.04132954545454,45.88173333333334,27.27057575757576,27.61144827586207,67.73957009345796,62.60647457627119,-0.3487802197802268,-7.112968998311935,-1.357969697795186,-1.798266377109432,12.7484231355709,-2.636058379047856,-0.967926138277798,0.9032980461712584,-7.898257359368904,9.60567503967333,27.93855109830913,-27.82882296239416,7.91853856289257,-0.3302256616152303,-51.49396290148513,-0.4504975027309033,7.00955886919532,0.911111111111111,1.098817630114558,7.019027777777777,-0.0742880074315236,7.062885714285714,-0.0235036727262265,6.7728,-0.0007831578921859,6.782361111111111,0.0014037248778472,7.057799999999999,-0.0744540650278002,7.234884615384615,-0.0069166666440988,7.066148148148148,-0.0056141899105267,6.937064516129033,-0.1210970412953612,7.135962962962964,-0.0054361371185341,7.026653846153847,-0.0041043955910042,13.3725,12.4,15.525,14.125,13.2,10.3375,3.0725,0.1225,2.7275,3.115,10.7
0.96,-0.0520833333333332,0.91,1.0274725274725274,1.845,0.2249322493224931,2.26,-0.0486725663716813,2.15,-0.4674418604651162,1.145,123.49966,0.1343114288735694,140.0870758,0.1258910138518288,157.7227798,-0.017753882499096,154.9225881,0.0794136010176812,167.2255487,166.532545,-0.0041441257354952,47.0,25.0,48.0,88.48225581395349,72.24465957446809,70.76629629629628,71.63002727272728,64.66285714285713,54.23885798816568,49.05521799307958,68.11648924731183,57.11934114583332,33.89586270491802,-33.18188524590164,-3.227426061622675,-0.3330791598119852,-0.3019479441719922,-0.9730114107883372,-1.12896474256667,-6.128570266951811,-3.513434685159915,-7.055514245104244,0.9338105728568936,-377.344324948022,-72.78990694534231,-717.8779082313779,-93.25180617552655,-5.976463418762354,-727.0881687571448,6.97446771534364,0.1927083333333334,0.3484453722382716,7.147822222222223,-0.0185895005721286,6.803916897506925,-0.0014821668716442,7.10767867036011,-0.0356307398765534,7.122744444444445,-0.0255769363762103,6.605975138121546,0.0086603929300154,6.938963888888889,-0.0218425541724306,6.838134078212291,-0.0096360022253646,7.10849860724234,-0.0075611137438016,6.944388888888889,-0.0054572959889352,7.126554317548748,-0.0083544654931282,14.6025,13.815,17.42,19.555,15.825,9.1975,4.315,0.0,0.65,2.92,68.2
0.59,0.2903389830508475,0.7613,0.5237094443714698,1.16,0.2758620689655173,1.48,0.5337837837837838,2.27,-0.4977973568281938,1.14,131.3693454,0.1905063317762411,156.3960375,0.1224754821553583,175.5507176,-0.0714612903410884,163.0056368,0.3031748543802505,212.424847,234.862563,0.1056266077950852,47.0,25.0,48.0,96.9770681818182,80.8260980392157,78.74399999999999,80.46413333333334,72.10759259259261,59.3335243902439,45.69624299065421,19.02594252873563,22.85753548387097,19.87352447552447,-15.35157262676327,-4.253360995850631,0.4080489626556019,-0.1391641967990557,-1.397169663439374,-1.366944641230646,-18.43511517279025,-2.992121335232766,-13.85351414910026,0.1730268693961801,-174.0768082784779,46.98976427633563,0.0108641487750111,-126.6753159268861,0.0849822446244133,-113.713067791504,6.8991837047793485,0.9322033898305084,0.7878034048573407,7.106336111111111,-0.0219335059351125,6.901819444444444,-0.0034166666666666,7.034314763231199,-0.0332096418127801,6.873633053221288,-0.0348240873112728,6.629608333333333,0.0013756915629319,7.028253521126761,-0.0228116416340356,6.820483240223465,-0.0255281184079326,6.882358333333334,-0.0145803941908711,6.726919444444444,-8.644536655734293e-07,6.9881108033241,-0.0090131722623871,14.065,19.075,18.015,20.375,20.59,9.3383,3.0,0.0,1.26,0.57,79.2
0.58,0.7241379310344829,1.0,0.1499999999999999,1.15,0.2,1.38,0.3043478260869566,1.8,-0.3555555555555556,1.16,135.2253695,0.1201021085026503,151.4662215,0.0999958264622057,166.6122115,-0.0417781574191517,159.6514603,0.1881895890181218,189.696203,218.067753,0.1495630885136905,47.5,25.0,48.0,93.48995348837208,82.86674000000001,80.63533333333334,82.78334285714286,74.57134814814815,61.38816363636363,51.10496984924622,53.5854126984127,55.94519230769231,35.58568881118882,133.8335792349726,-4.53185186721993,0.503964315352697,-0.0638304682868996,-1.516147994467495,-1.274957751791776,-3.091125946865345,-4.754224047225125,-4.607094906404914,-0.5635480805501288,-305.3981229063989,-366.1287895484779,-0.0300139568012141,-256.8712366767733,0.2334755126465087,-222.4157863313389,6.933796532339622,1.0,0.6126245674632822,7.088491666666666,-0.0203937863359493,6.888705555555556,-0.0042491355463345,6.923255555555555,-0.0204906639004173,6.870619047619048,-0.0309716749770465,6.660002777777778,0.001208333333333,7.107340720221607,-0.0439399051804885,6.923455555555555,-0.0172041839557428,6.986719444444445,-0.0129552213001384,6.806044444444446,-0.0018749999999995,7.083330555555555,-0.0067750115260487,14.285,19.16,18.12,18.605,18.985,9.255,2.725,0.0,2.56,0.625,90.1
0.7,0.585714285714286,1.11,0.4234234234234234,1.58,0.2974683544303795,2.05,0.4926829268292684,3.06,-0.3464052287581699,2.0,115.073049960774,0.2335405235925081,141.9472703,0.2458664145230835,176.8473367,-0.0759471013283289,163.4162941,0.176112094932154,192.19588,190.704754,-0.0077583661002513,48.0,25.0,48.0,107.6614565217391,85.82748529411765,82.33641975308642,82.58655932203389,72.6241724137931,56.89223636363635,41.13959042553191,77.83090397350992,78.55841967213115,79.8436,128.7166557377048,-7.048695386868432,0.3844557143588805,-0.2282623602222485,-1.951578337387245,-1.499998868351559,-0.5556854900198129,-2.666840439966518,-2.958653081424605,0.054189124262944,-210.4737569036817,-495.6429553096249,0.0284346322371312,-1403.967041748615,0.2707504928440623,13.62899727574588,6.934575210832255,1.8571428571428572,0.657249495559623,7.076537396121883,-0.0217890733056708,6.877629526462395,-0.0048884060148636,7.008624309392266,-0.0531975424680784,6.866441988950276,-0.0141570010083108,6.734584958217271,-0.0009603092962239,6.992326815642459,-0.0293102529034025,6.849237569060773,-0.030501593269298,6.962063888888888,-0.0102468879668045,6.843341666666666,-5.186721990638188e-07,7.134963988919668,-0.027270261261363,13.94,15.845,16.205,18.05,17.225,9.19,3.705,0.0,0.94,0.565,96.1
0.8,0.4124999999999998,1.13,0.8318584070796461,2.07,-0.4033816425120772,1.235,-0.3700404858299595,0.778,-0.794344473007712,0.16,122.574,0.1674090753340838,143.094,0.0104767495492474,144.59316,0.0190039418185479,147.341,-0.1653239763541716,122.982,164.588,0.3383096713340163,48.0,25.0,48.0,109.2319411764706,83.45067213114753,76.59206493506494,71.67375238095238,56.64379861111112,40.00169540229885,32.64286425339367,38.777632,48.79317845117846,52.02087480438185,113.138954098361,-7.730302700496589,-0.8843746874384263,-1.32993242442205,-2.354035846012247,-2.13598652657805,-7.675298804618029,-3.293845796097476,-5.647220308609366,2.927228793913772,-314.0021681315395,66.73529585157007,-393.9426539631915,-392.7727100997345,-62.92408816193185,-27.02030445932252,7.025237229124727,-0.7999999999999999,0.3427643709106335,7.164214484679666,-0.0181379378288787,6.749702777777778,-0.0050402835408022,6.86836111111111,-0.026575899031812,6.902780555555556,-0.0276993430152143,6.732679665738162,0.0025064436713322,7.18023463687151,-0.0072758408864364,7.069725761772853,-0.0167585430052528,7.262387186629526,-0.0038010148059963,7.182780555555556,-0.002540283540802,7.139505555555558,-0.0012491355463347,14.8075,15.565,16.15,10.46,15.37,8.2775,2.735,0.0,5.035,0.525,93.0
0.75,0.2933333333333333,0.97,0.8041237113402062,1.75,-0.2942857142857142,1.235,0.2064777327935221,1.49,0.2550335570469799,1.87,111.954,0.2505046715615342,139.999,0.1372735153231675,159.21715487172813,-0.1003356383588086,143.242,0.2190768070817218,174.623,188.8,0.0811863271161303,48.0,25.0,48.0,97.8947906976744,79.57854901960783,72.87649333333333,69.46151428571429,54.49092592592592,37.90421818181819,28.60296601941748,78.26382935153583,79.10737953795379,79.86266083916084,-38.95738095238097,-5.089345456024729,-0.4060282157676332,-1.101033195020746,-2.096244352236052,-1.507986043002639,-8.389292583700946,2.975667845167661,-3.295431105794627,0.0840190929402057,-116.8201656590052,-503.0010688243114,0.1697611592518193,-464.5121032378371,2.308745514680529,-474.9736599584581,6.906756190724993,1.4933333333333334,0.6864069171266772,7.069016666666665,-0.0167495001098024,6.817202777777778,-0.0042066044260028,6.96772191011236,-0.029487738356101,6.875625000000001,-0.0317837136929462,6.770380555555556,0.0004581604426003,7.074851123595505,-0.0222846053429069,6.873002762430939,0.0084918378536943,6.986111111111111,-0.0131626901798066,6.800702777777777,-0.0024159751037342,6.832947222222222,0.0150893391605921,14.97,14.505,14.97,14.5,7.92,8.5075,2.35,0.0,2.005,6.075,94.9
1.0,0.3400000000000001,1.34,0.203731343283582,1.613,0.0787352758834469,1.74,-0.0689655172413792,1.62,0.4012345679012344,2.27,117.447,0.2411044981991877,145.764,-0.0068826599287344,144.76075595814797,0.1597825590834801,167.891,0.6510295370210434,277.193,217.879,-0.2139808725328561,48.0,25.0,48.0,108.6018333333333,96.08605769230768,91.55270666666668,90.38289565217394,81.49162068965516,66.90279365079365,47.91816292134831,75.21092523364486,71.68525221238939,52.39971333333334,155.588440441251,-4.775310405362286,-0.0796298755186715,-0.2793157135125356,-3.071088183823451,-2.214132692265499,-1.55556380917381,-3.435819811990359,-2.633018568570775,-0.3427011756570806,-494.5622559573263,-84.54040867042579,-161.8684554494431,-41.46971640911131,-23.9914267353394,-5.54575876392343,7.022591205603301,1.27,0.8551261420044785,7.249019444444444,-0.0261220656734359,6.923588888888889,-0.0068312586445367,7.112120786516853,-0.0314685999347289,6.958860724233983,-0.0301612362602434,6.79026330532213,0.0038786801027472,7.159199999999999,-0.024198481419247,6.867848739495798,-0.0043280797796295,7.068866666666668,-0.0154548755186719,6.92166016713092,0.0015060853685313,7.174483333333333,-0.0064562586445367,13.607678571428574,16.52,14.366666666666667,19.7,18.395,9.495084615384618,2.56,1.910347222222222,0.82,0.0,95.8
1.18,-0.2711864406779661,0.86,0.8720930232558141,1.61,0.3478260869565216,2.17,-0.4516129032258064,1.19,-0.2184873949579831,0.93,129.734,0.1238842554765905,145.806,0.049218289599422,152.98232193333334,0.1758809627585079,179.889,0.0398745893300869,187.062,161.408,-0.1371416963359742,48.0,25.0,48.0,89.98995,79.95634,76.6512,76.62747619047619,64.40371851851852,51.09483636363636,43.12238073394496,78.8684384057971,79.25350498338871,79.94697543859648,139.3484615384615,-4.049770059325814,0.1791435684647291,-0.6363728512151754,-1.695781927155372,-1.37563560920408,-8.72819931232092,3.955200627177827,-2.988335788105314,0.0431880323214655,-475.5925124072854,8.096565020269377,569.3645998320183,-949.5917054264488,5.836639633690437,-0.0341180635654807,7.099087937882227,-0.2118644067796609,0.2441457135369292,7.167330555555554,-0.0287413169361643,6.837351800554017,-0.0051466988979399,7.198851540616246,-0.0219275428013528,7.121966573816156,-0.0252219359012564,6.836477653631285,-0.0069516562739052,7.119952646239555,-0.0154984454281719,6.927044692737431,-0.0054890006722455,7.264025,-0.0036656293222682,7.210530726256983,-0.0017185725213848,7.307348189415042,-0.0033342618384401,13.607678571428574,12.17,14.366666666666667,18.11,12.245,9.495084615384618,4.83,1.910347222222222,1.87,4.535,73.7
1.28,-0.17578125,1.055,0.7061611374407585,1.8,0.2388888888888888,2.23,-0.0717488789237668,2.07,-0.2657004830917874,1.52,113.494,0.1654977355631133,132.277,0.189897881504178,157.39612207172814,0.0338691821507679,162.727,0.1297572007103923,183.842,174.642,-0.0500429716822054,48.0,25.0,48.0,92.301175,81.52874509803922,78.11153333333333,77.7210380952381,65.49367407407408,49.21733333333334,33.26366028708134,19.87612857142857,22.7401606557377,19.86016901408451,143.745712484237,-4.518033113660412,0.2065336099585069,-0.6982003556609353,-1.79886030428769,-1.763960015088635,-13.84234129553116,-6.765119927789969,-14.59946911280889,0.0542891039111358,-118.2551619128016,-137.7717372865455,0.0920510042009399,-124.6497073337371,10.77989121258277,0.0919287718874268,6.899329866718522,0.1875,0.5387773803020424,7.046952777777778,-0.027405136444018,6.80475208913649,-0.0071432864457517,7.024628169014085,-0.0235283735608667,6.886407303370786,-0.0325496721553544,6.6502,-0.0006671853388659,6.946164804469273,-0.017341848443405,6.73310924369748,-0.0083599497890441,7.000847222222223,-0.0124137275242045,6.872551820728292,-0.0032750444576192,7.027685236768803,-0.0071427663287833,13.607678571428574,14.02,14.366666666666667,19.37,6.915,9.495084615384618,4.47,1.910347222222222,1.06,0.325,94.7
1.12,-0.2500000000000001,0.84,0.324404761904762,1.1125,-0.101123595505618,1.0,0.1599999999999999,1.16,-0.1443940056987195,0.9925029533894852,125.273,0.3839853759389494,173.376,-0.138290557179973,149.399736358365,0.4477000112048054,216.286,0.1754251315387958,254.228,183.001081,-0.2801694502572495,48.0,25.0,48.0,103.7522666666666,99.5922391304348,91.50082051282052,79.71362831858407,116.751892,64.01468604651161,43.61248372093024,50.01972321428572,68.07740772532189,58.97986851211073,-1.875654653415561,-2.374786082226636,-1.963589571838005,-2.611827609579261,7.390816279682277,-4.121784619892528,1.801828983945049,-0.4083708847942577,-3.601877304363406,0.6582513687634606,-245.4911613930184,-10.42551360700269,-357.9053260758703,-3.003691682453421,-95.95064039633152,-25.00704235549544,6.91626854811676,-0.1138366487593882,0.4608182210053241,7.140623626373626,0.0059365450500826,6.993194444444445,-0.0164867879898952,6.765022284122563,0.0005510877107212,7.057452777777778,-0.0135381617650005,6.913556786703601,0.000249856774175,6.952480555555556,-0.0137462039234675,6.741802228412258,0.000208951524865,6.975044444444444,-0.015246309876498,6.761102777777777,-0.0003332305518964,6.862405555555555,0.0057900107458362,13.0725,14.695,15.765,17.575,16.165,8.6925,4.09,0.0,2.075,0.0,47.9
0.99,-0.2525252525252525,0.74,0.5635135135135135,1.157,0.1495246326707001,1.33,0.300751879699248,1.73,-0.1443940056987195,1.4801983701412151,130.172,0.3690348154749102,178.21,-0.1222113468565624,156.430715876692,0.400754313319925,219.121,0.3516458942775907,296.174,200.4400405,-0.3232355287770027,48.0,25.0,48.0,80.8974375,79.66424444444442,79.64446666666667,79.72400952380953,80.42152112676057,79.5228303030303,80.1473785046729,80.01926339285716,77.6783602484472,79.98037762237762,-1.015773211606034,-0.0629385053011474,-0.0419920392801616,0.1642982682353545,0.4060130895581668,0.0584301232595913,1.105473191919367,-0.0560521007127817,-2.733147292201194,0.1719554104490728,-473.0345753018258,7.364391678746087,-467.7756478784459,0.0005603777645145,-0.0224327960806511,7.87082970984144,6.903343289430907,0.4951498688295102,0.5398091793934179,6.974305322128851,-0.0231258105864491,6.872530555555556,-0.0132034624360615,6.794235294117648,-0.0010918935619137,6.914247222222222,-0.0127460205860022,6.874336134453783,-0.0091150241092162,6.863947222222222,-0.0090810091758697,6.805769444444445,0.0015833705230997,7.019211699164345,-0.0064748519921573,6.917052777777777,-0.0008330286454409,6.997797222222222,0.005706729395485,13.565,14.27,15.66,16.475,16.14,9.52,4.54,0.0,1.615,0.0,72.3
0.96,-0.40625,0.57,1.2456140350877196,1.28,-0.0421875,1.226,0.2234910277324633,1.5,-0.1443940056987197,1.2834089914519204,118.019,0.2785229496945405,150.89,-0.0140211721591489,148.774345332906,0.463941914935972,217.797,0.0745694385138455,234.038,206.12985766666668,-0.1192462007594208,48.0,25.0,48.0,19.401375,20.01117777777777,19.96508,19.89346666666666,27.27356621004566,19.68375757575758,19.93910606060606,19.93975,22.93562,20.03403125,0.3979075060257832,-0.0973458422557498,0.0636426357851792,0.0437227546865788,-0.4350166671549676,0.0331971744532976,0.7729315957170275,-0.0359791015612582,-14.95373191451775,0.1638362137243243,-20.58820530706547,2.368871876700758,-127.550588591467,0.0318150011477674,8.576040902619667,3.794527473053516,6.895773587885479,0.3368843660957505,0.746581971264514,6.969392757660168,-0.0280365800949808,6.852458333333334,-0.0165364199639761,6.812125348189415,-0.021010958249301,6.869899999999999,-0.0148289018724063,6.837175487465182,-0.0219727997759476,6.792822222222223,-0.011413846258038,6.806330532212885,0.0003363436885932,6.951231197771588,-0.0078115146737907,6.958480555555555,0.0065398010493606,7.107819444444443,0.005873586432516,13.685,15.0,16.26,18.39,17.285,8.945,4.785,0.0,1.36,0.0,82.0
0.3,0.9666666666666668,0.59,1.0,1.18,0.1864406779661016,1.4,-0.3142857142857143,0.96,0.09375,1.05,78.8718593220339,0.0093695861149763,79.610856,0.5207739423544574,121.070115333333,0.2798767139264371,154.954821367521,-0.2212141487514748,120.676622463768,144.106292,0.1941525132033466,48.0,25.0,48.0,155.986425,146.9138974358975,144.9872952380952,142.9989824561404,117.988150877193,126.3412795969773,197.6848248175182,237.4933206521739,237.2542704174229,214.2562547945205,238.5584363177807,-7.198628965272574,0.3691175106326578,-0.2937837386221255,-6.255448231064926,8.499586901855265,3.424115488120308,0.7014312595330342,-2.683958905479381,-2.975706999736443,-737.4308875743172,-44.95435199985769,-574.7570797368944,-88.65942379138838,337.1162291523168,281.5936673469984,7.095991366765108,2.5,0.827093886700627,7.099338888888888,-0.021849421791363,7.072188365650971,-0.0370209537821409,7.156374655647383,0.0042900906461831,7.157344444444445,-0.0124958506224065,6.854667590027701,0.0046048513493053,7.195347222222222,-0.0031639004149374,7.025058333333333,-0.0065409751037345,7.123958448753462,0.0152941552772851,7.054141274238227,0.0155288303639172,7.221494444444444,-0.0042074688796691,12.73,11.2,16.275,13.55,11.0,9.86,0.85,1.67,3.595,3.56,70.0
1.0,0.0,1.0,0.8600000000000001,1.86,0.236559139784946,2.3,-0.0521739130434781,2.18,0.1238532110091743,2.45,139.0,0.1425171678042157,158.809886324786,-0.0069662602061842,157.703575333333,0.3334509834947164,210.289987628866,0.1566010542002788,243.22162137931,203.951952,-0.1614563259491967,48.0,25.0,48.0,103.709756097561,85.80307407407409,79.29802666666666,73.90376190476191,58.36610370370371,41.50252727272727,43.68248927038627,63.1669,50.5049268292683,18.85001742160279,148.478774590164,-5.868903173631433,-0.6629120331950198,-1.331752222880854,-2.142165514061781,-1.529587702753675,-9.249835049460692,-2.447668410607981,-13.81049427956346,-0.0258298032298619,-241.5651276310629,14.78623654262746,-126.6218502415798,-3.687991263266911,-26.77297729497671,-0.2911115432786581,6.863839721046735,1.4500000000000002,0.4672802302158274,7.057941504178273,-0.0219935571520775,6.785907303370788,-0.0074562916686094,7.006848314606742,-0.0239257657699655,6.898142061281338,-0.0214549791893296,6.711796089385473,0.0014645680242933,6.87261797752809,-0.016680847591963,6.671891666666667,-0.0021658022130013,6.918122905027933,-0.0122741023204051,6.763193277310923,-0.0053050494228071,6.951936111111111,-0.0095154564315353,14.905,13.945,14.895,18.42,15.06,8.8,1.2866666666666668,0.0,0.695,8.33,90.0
0.32,2.625,1.16,0.3793103448275863,1.6,-0.01875,1.57,0.0031847133757961,1.575,-0.0095238095238094,1.56,115.0,0.3565217391304348,156.0,0.0573060079575576,164.939737241379,-0.0238623388994861,161.003889333333,0.1670842121354305,187.905097333333,208.57972,0.1100269389179549,48.0,25.0,48.0,98.66583333333334,87.33635999999998,84.54456,85.34440952380953,82.6190888888889,76.56647272727272,75.12983555555556,69.11152,70.79678597785978,53.99796842105264,142.8023382382592,-3.964001244813288,0.047017427385892,0.0915240071132184,-0.6492830797602531,-0.5052957374575676,-22.65311806845546,-1.041181189488237,-4.697427485646485,-0.4264417995195453,-479.0196630686367,13.07844627288973,-153.0180334241805,3.338657330894281,-6.042446036478742,-2.112472169835105,7.00890834260981,3.875,0.813736695652174,7.2218891966759,-0.0085802213001382,7.072204986149584,-0.0235204193055256,6.925561111111111,-0.01631010834486,6.982119777158775,-0.0230968342213848,6.907534818941504,-8.408557657841708e-05,7.116938888888889,-0.0198271092669431,6.839022222222222,-0.0101576763485485,7.087538888888889,-0.0135394190871369,6.820373259052925,-0.0040076746148244,7.11590027700831,-0.0128774381903662,11.865,19.59,18.73,18.805,16.9,11.95,2.63,0.0,1.04,0.8,47.0
0.43,2.046511627906977,1.31,0.0267175572519083,1.345,0.0557620817843865,1.42,-0.1214788732394365,1.2475,-0.2304609218436874,0.96,113.817,0.1805266348612247,134.364,0.3172575987615729,176.992,0.0227072410052432,181.011,0.0068062161968057,182.243,202.287,0.1099850200007682,48.0,25.0,48.0,112.1051590909091,87.44860784313727,82.35801333333333,82.82837142857142,78.9007925925926,69.21490909090909,61.81000497512439,67.52586086956522,66.88067164179104,44.90051929824562,145.1127563858177,-12.3618928484258,-0.0447443983402508,0.0433740367516273,-0.9175334255417208,-0.9098155413051604,-4.525179027849349,-1.955399332491443,-7.210884836415228,-0.3868041056999273,-408.0685917425935,-548.7229217898695,-481.6074028531488,-4.336764380923031,3.257885312240927,20.84094667234027,7.103176204800652,1.232558139534884,0.7773004032789479,7.217491666666666,-0.0140785261040925,6.999716666666667,-0.0069142461964038,7.129933147632313,-0.030785549994799,6.925674157303371,-0.0074676481286206,6.896772222222221,0.0012906293222684,7.191038997214483,-0.0134920075359167,7.046769444444446,-0.0014737782388201,7.207391666666667,-0.009162863070539,7.111665745856353,-0.0252339469521476,7.305308333333334,-0.0130390733056723,13.115,19.135,16.53,13.56,12.875,11.42,3.0,3.66,5.06,3.045,85.0
0.44,1.6022727272727275,1.145,0.1441048034934498,1.31,-0.1068702290076336,1.17,-0.3931623931623931,0.71,0.267605633802817,0.9,109.556,0.1826828288729051,129.57,0.2951840703866637,167.817,-0.0249557553763922,163.629,0.1192270318831015,183.138,183.578,0.002402559818279,48.0,25.0,48.0,101.6804583333333,85.82264705882355,83.91944,84.8467619047619,81.79649629629628,73.4062606060606,67.06621256038649,70.97334453781512,70.24518214285713,60.06412658227849,122.3200650606647,-4.68577943210477,0.2192904564315343,0.0832086544161219,-0.7568303365606276,-0.8609494530365837,-16.6662990107649,-2.79910420313297,-6.749150182036895,-6.508570640939471,-382.9885634571623,-498.2267680922136,-373.9254515772829,-490.2396554885378,2.985992134740146,-27.4688616962917,7.05963829722729,1.0454545454545454,0.6756544598196357,7.156022222222223,-0.0106930847559495,6.984419444444445,-0.0064161479944674,6.919555248618784,-0.0508767566080557,6.829825966850828,-0.0188914742899067,7.026766016713092,-0.0107340006241422,7.148730555555555,-0.0307871715076068,7.050060941828256,-0.0293443753520042,7.160202777777777,-0.0071244813278002,7.127963687150839,-0.0085135068555324,7.192836111111112,-0.0068739626556016,13.07,19.21,13.41,10.75,9.74,11.685,3.265,4.89,6.905,5.525,28.0
0.52,0.923076923076923,1.0,0.03,1.03,0.5728155339805826,1.62,-0.037037037037037,1.56,0.0,1.56,113.5,0.2951541850220264,147.0,-0.0401360544217687,141.1,0.0616583982990787,149.8,-0.0934579439252336,135.8,199.2,0.4668630338733429,48.0,25.0,48.0,110.314225,95.5226170212766,91.63946666666668,91.89416190476192,85.3299925925926,76.36381212121212,75.99245374449339,70.59294893617022,61.75947878787878,35.32663859649123,-21.49846153846153,-3.481149465877992,-0.1714580912863042,-0.138521636040309,-1.048651913324117,-0.8634639758581714,-8.489781515929467,-2.203779178192189,-14.70459056871676,0.7984452937322523,-296.984454197907,15.40947985450713,-358.0984278596745,-13.89446267128468,-4.829763765982301,-5.16732096298844,7.08283159591304,2.0,0.7550660792951541,7.118555555555555,-0.0155811440261676,6.767516666666668,-0.0018399031811894,7.020136490250697,-0.0163755360094315,7.026577777777779,-0.0169961964038727,6.966259668508288,-0.0208149171270734,7.186708333333334,-0.0109562586445366,7.023727777777777,0.0015841977869966,7.213472222222223,-0.0026661479944676,7.220128133704735,-0.0049249875749818,7.285233333333334,-0.0035401106500692,13.895,11.29,13.545,10.61,7.235,10.165,4.715,2.78,4.65,5.82,94.0
0.63,0.0793650793650794,0.68,0.9117647058823528,1.3,-0.0307692307692307,1.26,0.0,1.26,0.1349206349206348,1.43,111.0,0.2486486486486486,138.6,0.0743145743145744,148.9,0.0463398253861652,155.8,0.2233632862644414,190.6,211.5,0.1096537250786988,48.0,25.0,48.0,101.2734324324324,85.47815686274511,79.72432,81.60508571428569,73.92105925925925,62.93558787878788,65.57507203389831,63.3970593220339,61.72745110410094,41.91745263157895,-19.31894260282376,-5.581580831502737,0.0121709543568492,-0.0477273266152925,-1.367240663900418,-0.9334077706525854,-25.93377878758071,-2.317217802835871,-13.5618345733711,0.142566280847349,-322.7323106679642,-3.781500876515479,-406.1473881625165,-8.941622543706803,-1.664716574584912,-5.780480556440755,6.993620291015191,1.2698412698412698,0.9054054054054054,7.043169444444445,-0.0161244928859556,6.781969529085873,0.0093498925299711,7.082019444444445,-0.0259161479944681,7.043080555555556,-0.0173300484094053,6.801584487534625,-0.0228405995333396,7.111394444444444,-0.0159140733056708,6.909601671309191,-0.0006512442353687,7.085630555555556,-0.0063328146611341,6.912813888888889,-0.0023748271092662,7.164938888888888,-0.0021664937759334,14.88,11.095,16.405,15.085,13.175,10.2575,5.2,1.165,2.43,2.085,92.0
0.62,0.5967741935483871,0.99,1.2373737373737372,2.215,0.2144469525959368,2.69,0.0185873605947956,2.74,-0.2281021897810218,2.115,103.666467333333,0.2814291006257345,132.841228,0.2293932322476497,163.314106666667,-0.0126638743924017,161.245917333333,-0.0135541126837647,159.060372,181.751855333333,0.1426595640888668,48.0,25.0,48.0,102.7082285714286,87.3902,81.33085714285714,79.5495625,70.89028125,63.37939024390244,87.65806024096385,60.833784,48.86278645833334,14.14470454545455,177.9932352941177,-5.481798796992482,-0.0799843937575088,-0.7891152239304825,-1.25830435519417,5.261425799406402,-24.75911655304507,-9.845169080395353,-7.439752402000065,0.2812437487469804,-2114.510150152601,5.567149151291869,0.1413615498455034,-42.11948574399256,-2.579527313821719,-1.547621719472409,6.566737310339749,2.411290322580645,0.7532367023651085,7.01990625,-0.0199906658885252,6.46375,-0.017756617622498,6.372314285714284,-0.0312634735945744,6.527222222222222,-0.0168310271078441,5.988566666666667,-0.0047074763437533,6.761757575757575,0.0211023797140552,6.090400000000001,0.0148374870344847,6.922580645161289,-0.0137198558363938,6.52845238095238,0.0141364459204246,6.992423076923076,-0.0054088780917563,13.765,13.49,16.805,15.495,15.455,9.685,4.01,0.56,1.855,0.595,95.0
0.58,1.3448275862068968,1.36,0.5624999999999999,2.125,-0.0729411764705882,1.97,-0.3807106598984772,1.22,0.2377049180327869,1.51,105.507306666667,0.3134992609674479,138.583769333333,0.1473857058797302,159.009036,-0.0372215282993917,153.090476666667,0.1197662306144296,171.425546,251.999169178082,0.470021096961138,48.0,25.0,48.0,107.8740303030303,92.88625,87.27966666666667,84.7792857142857,76.84696551724137,67.558,61.95026865671641,39.96397590361445,66.8252830188679,25.44060317460318,195.79609375,-4.434043499637616,-0.3240906084656068,-0.9321653740690454,-1.012710947286609,-1.031530804448866,-52.09702765277335,-4.199877346001505,-38.29151313980636,-1.705958161555322,1270.218387034729,1.701194717425187,-0.2037532989392697,-40.85193511515659,-12.21229233502634,0.443181232824699,6.900167706784371,1.6034482758620692,1.388452299083247,7.09990625,-0.0341462736635961,6.881923076923076,-0.0048057243090613,7.111619047619048,-0.1842200043376635,7.344081081081082,-0.166214524095514,6.74744,-0.0023682758620699,6.562612903225808,-0.008820848155019,6.816642857142858,-0.0049973719435573,6.983999999999999,-0.0104415756746545,6.393851851851851,-0.0010211640211639,7.059600000000001,-0.0036896668887193,14.08,16.24,16.32,14.82,13.08,9.315,3.405,1.865,4.07,3.0,95.0
0.54,0.9444444444444444,1.05,0.657142857142857,1.74,0.3563218390804597,2.36,0.1144067796610169,2.63,0.1596958174904942,3.05,116.442343333333,0.2629590215220426,147.061908,0.0585975986838619,155.679382666667,0.0046167877489912,156.398121333333,-0.0406565284317823,150.039516666667,172.158943333333,0.1474240064089736,48.0,25.0,48.0,100.4949761904762,89.84527272727273,81.15721333333333,78.57898095238095,66.3694888888889,53.96719393939395,49.89830434782609,67.170572,50.79317328519856,30.83327719298246,150.4447133575498,-6.173940399849141,-0.7409311203319506,-0.7589899229401306,-1.794339326878746,-0.779473029045645,0.6498690879904013,-28.23056131340947,-6.958209781284609,-0.318858702773535,-344.2083301812169,-282.677582008326,-357.100665306116,-3.11589816051309,0.0472168178921279,-0.0484489764287393,6.9875050357765165,4.648148148148147,0.4784908857468044,7.082188888888888,-0.0167771818906829,6.880366666666666,-0.0017933955739973,7.108372928176795,-0.0405732330758087,6.88399721448468,-0.0020026237011494,6.724083333333334,-0.0016366413093591,7.045877437325906,-0.0041330228042347,6.939702777777778,0.0029581604426,6.981494444444445,0.0015661980691746,7.064516666666666,0.0049960235131395,7.16445,0.0033727524204698,13.93,13.3,17.23,11.445,8.705,10.105,4.365,0.0,3.815,3.905,93.0
0.47,0.6170212765957448,0.76,0.7105263157894737,1.3,0.923076923076923,2.5,-0.208,1.98,-0.0252525252525252,1.93,113.244708,0.0906029386674121,123.505011333333,0.3238906116829832,163.507125,-0.0351801774183663,157.754915333333,-0.0424918487378732,151.051617333333,189.019868,0.2513594447842328,48.0,25.0,48.0,107.513975,94.21149019607844,85.28714666666669,84.3306,76.67591851851854,67.07321818181819,65.98842458100559,68.71561983471075,54.5846094890511,30.57325773195876,165.8036733248336,-5.6969001708567,-0.6885062240663903,-0.329320687611144,-1.132879207007837,-0.8539400226329693,0.7614209579815915,-3.964463014534841,-5.705019294921207,-0.2242999529453411,-331.6021104447761,3.806722835290719,-234.9395368437014,-10.65389078939928,-408.3514839404204,-13.3148520801786,6.977320029402662,3.1063829787234045,0.6691276028545192,7.060863888888889,-0.0245602699984975,6.823813888888888,-0.0048725795297371,7.013127777777777,-0.0072895919778702,6.99300278551532,-0.0098596840000463,6.728735376044568,-0.0103619436193204,7.018330555555555,-0.0115639504896446,6.814933333333334,-0.0030406293222683,7.110519444444445,0.0063438027634725,7.022505555555555,-0.0032071230982015,7.187367688022285,-0.0095658179128292,13.95,12.35,16.38,14.985,11.12,9.37,4.535,0.255,1.94,3.065,94.0
